Name,Email
Shelby,elijah57@example.net
Phillip,bethany14@example.com
Kristine,bthompson@example.com
Yesenia,kaitlinkaiser@example.com
Lori,buchananmanuel@example.net
Erin,tconner@example.org
Katherine,conniecowan@example.com
Ricardo,wyattbishop@example.com
Dave,nmccann@example.net
Isaiah,virginiaterrell@example.org
Sheila,huangcathy@example.com
Stacy,rayleroy@example.org
Mandy,jefferynoble@example.org
Bridget,mercedes44@example.com
Crystal,pmiranda@example.org
Thomas,braunpriscilla@example.net
Maurice,sheenabanks@example.com
Frank,gbrewer@example.org
Alvin,gilbertdonaldson@example.com
Jared,jcortez@example.com
Jacqueline,carias@example.net
Colleen,fknox@example.org
Randy,huangbill@example.org
Janice,juarezdominique@example.net
Alfred,cassandramorris@example.com
Sean,sallymiller@example.net
Louis,bsullivan@example.net
Brittney,ayalajose@example.net
Judy,irosales@example.net
Norman,mconrad@example.com
Isaiah,jimblake@example.org
Jacqueline,nsampson@example.net
Bonnie,caitlin24@example.net
Brandon,mconley@example.net
Jackson,reynoldsdarryl@example.net
Melody,jeannovak@example.org
Leonard,clinton78@example.org
Gene,luisdeleon@example.org
Cynthia,rosariodave@example.org
Tanya,vickihouston@example.com
Matthew,evelyn31@example.org
Kirk,stephenfuller@example.org
Willie,haleymathews@example.net
Miguel,tyrone56@example.org
Darren,lhernandez@example.com
Haley,molly03@example.org
Danielle,jvang@example.org
Becky,erikmueller@example.org
Caitlyn,rivasdominique@example.org
Joshua,daisymcgee@example.net